{
    "RMSE": 0.6914164205884245,
    "MAE": 0.5481203527129055,
    "R^2": 0.22139815485205006
}